Open,High,Low,Close,Adj Close,Volume,MA_1,MA_2,MA_3,MA_4,MA_5,RSI1,RSI1MAL,RSI1MAH,RSI2,RSI2MAL,RSI2MAH,RSI3,RSI3MAL,RSI3MAH,Compare_Close,CRS,CRSMAL,CRSMAH,Sto_main,Sto_signal,MACD,MACD_signal
122.8199997,126.3700027,122.2799988,124.7399979,124.6077881,35528500,,,,,,,,,,,,,,,380.8200073,0.327556314,,,,,,
127.3799973,129.0500031,125.8499985,127.3700027,127.2350082,32397100,,,,,,,,,,,,,,,383.7600098,0.331900145,,,,,,
126.1299973,128.5200043,124.5400009,126.9400024,126.8054581,25447100,,,,,,,,,,,,,,,379.3800049,0.334598558,,,,,,
128.9700012,130.3300018,126.0400009,130.0200043,129.8822021,27584500,,,,,,,,,,,,,,,388.0799866,0.335034036,,,,,,
131.1600037,132.9499969,129.2799988,129.4700012,129.3327789,26649100,,,,,,,,,,,,,,,387.8599854,0.333806028,,,,,,
127.2699966,133.4400024,127.1500015,132.9900055,132.8490448,28684400,,,,,,,,,,,,,,,390.5799866,0.340493651,,,,,,
130.9600067,133.8500061,130.3399963,132.8899994,132.7491455,25423000,,,,,,,,,,,,,,,395.519989,0.335988074,,,,,,
133.4400024,137.6799927,131.7599945,136.7100067,136.5651093,30757700,,,,,,,,,,,,,,,396.9599915,0.344392406,,,,,,
134.9700012,137.3899994,134.8399963,136.9799957,136.8348083,22423800,,,,,,,,,,,,,,,398.5,0.343739011,,,,,,
136.1799927,136.75,134.25,135.3600006,135.2165375,21147600,,,,,,,,,,,,,,,397.769989,0.340297168,,,,,,
135.8099976,137.25,132.8000031,133.0200043,132.8790131,20215500,,,,,,,,,,,,,,,391.4899902,0.339778813,,,,,,
132.4900055,137.4499969,132.1399994,136.1499939,136.0056915,28625200,,,,,,,,,,,,,,,388.6400146,0.350324179,,,,,,
135.8899994,139.9400024,134.6100006,139.3699951,139.2222748,28688600,,,,,,,,,,,,,,,395.8800049,0.35205111,,,,,,
139.2899933,143.7599945,138.6600037,143.2700043,143.1181488,27470100,,,,,,,,,,,,,,,400.6300049,0.357611768,,,,,,
141.6900024,145,141.3600006,143.1399994,142.9882813,21970200,,,,,,82.01112235,,,82.01112235,,,82.01112235,,,400.2000122,0.357671152,,,,,,
141.2200012,143.1699982,140.3099976,141.5,141.3500214,26622000,,,,,,77.26309194,,,77.26309194,,,77.26309194,,,400.3500061,0.353440734,,,,,,
144.3999939,147.5099945,143.3000031,147.3000031,147.1438751,25482100,,,,,,81.37083557,,,81.37083557,,,81.37083557,,,404.75,0.363928358,,,,,,
148.2400055,153.1900024,147.3899994,151.7400055,151.5791779,35771900,,,,,,83.7857825,,,83.7857825,,,83.7857825,,,405.6799927,0.374038671,,,92.11567864,91.18809938,,
149.4100037,151.1199951,146.9499969,147.0599976,146.904129,28040100,,,,,,73.03816651,,,73.03816651,,,73.03816651,,,400.5899963,0.367108512,,,89.97095384,91.00937393,,
147.9499969,149.8800049,147.5200043,148.9700012,148.8121033,29842100,137.249501,,,,,74.47711067,,,74.47711067,,,74.47711067,,,406.480011,0.366487889,,,84.14088642,88.7425063,,
148.0299988,153.5800018,147.0599976,153.1199951,152.9577026,55661000,138.6685009,,,,,77.31056457,,,77.31056457,,,77.31056457,,,410.7999878,0.372736124,,,85.294272,86.46870409,,
183.3800049,197.1600037,180.1600037,188.7700043,188.569931,150475700,141.738501,,,,,88.80656232,,,88.80656232,,,88.80656232,,,416.7799988,0.452924816,,,88.83994013,86.09169952,,
183.4700012,196.7700043,182.8899994,186.5299988,186.3322906,76809700,144.7180008,,,,,85.86280389,80.4362267,,85.86280389,80.4362267,,85.86280389,80.4362267,,412.3500061,0.452358424,,,89.54642332,87.89354515,,
186.5299988,190.6999969,185.5200043,186.0599976,185.862793,42483800,147.5200005,,,,,85.22445818,80.79326402,,85.22445818,80.79326402,,85.22445818,80.79326402,,409.8299866,0.453993128,,,84.55859305,87.64831883,,
185.5800018,193.7799988,184.3999939,191.6199951,191.4169006,47080700,150.6275002,,,,,86.50282114,81.8199006,,86.50282114,81.8199006,,86.50282114,81.8199006,,415.1900024,0.461523625,,,86.01967716,86.70823117,,
190,190.8300018,182.9199982,183.4299927,183.2355804,36139100,153.1494995,,,,,76.06331137,81.23017568,,76.06331137,81.23017568,,76.06331137,81.23017568,,410.6499939,0.446682078,,,84.15246584,84.91024535,,
186.1300049,186.6499939,177.2700043,177.9199982,177.7314301,37118800,155.4009995,,,,,69.94724402,79.6925603,,69.94724402,79.6925603,,69.94724402,79.6925603,,407.0899963,0.437053231,,,78.88005925,83.01740075,,
176.3500061,178.8899994,173.3500061,174.1499939,173.9654083,33433600,157.2729988,,,,,66.03482448,78.91441118,,66.03482448,78.91441118,,66.03482448,78.91441118,,408.0400085,0.426796369,,,68.22856624,77.08703044,,
178.2200012,181,175.8200073,179.4299927,179.2398224,31463200,159.3954987,,,,,68.67729828,78.26998758,,68.67729828,78.26998758,,68.67729828,78.26998758,,412.8299866,0.434634107,,,65.14960126,70.75274225,,
177.1600037,181.5099945,175.8800049,179.4799957,179.2897644,24034600,161.6014984,,,,,68.70213184,77.31349506,,68.70213184,77.31349506,,68.70213184,77.31349506,,412.6400146,0.434955383,,,65.17061431,66.18292727,,
176.4199982,178.1900024,175.3300018,177.1600037,176.972229,25308900,163.8084984,,,,,66.08423644,74.78879218,,66.08423644,74.78879218,,66.08423644,74.78879218,,413.980011,0.427943376,,,65.38469749,65.23497102,,
172.75,175.8500061,171.7899933,172.4400024,172.2572327,25827500,165.6229988,,,,,60.9921441,72.02538554,,60.9921441,72.02538554,,60.9921441,72.02538554,,408.2799988,0.422357213,,,59.36940907,63.30824029,,
170.2200012,173.1799927,169.6999969,172.8800049,172.6967773,24171300,167.2984993,,,,,61.29157838,69.36617667,,61.29157838,69.36617667,,61.29157838,69.36617667,,407.2600098,0.42449541,,,54.15700695,59.63703784,,
174.3099976,178.1699982,171.8800049,172.0800018,171.8976135,34592600,168.7389992,,,,,60.38398268,66.46408351,,60.38398268,66.46408351,,60.38398268,66.46408351,,399.0899963,0.431180945,,,50.74794679,54.75812094,11.78199268,14.76599733
171.0700073,172.7599945,169.6900024,171.1199951,170.9386292,22433200,170.137999,,,,,59.25015149,64.59595463,,59.25015149,64.59595463,,59.25015149,64.59595463,,398.5400085,0.429367169,,,35.56090291,46.82195222,10.83337751,13.97947337
172,173.6900024,169.3800049,172.0399933,171.8576508,20017800,171.6649986,,,,,60.02481746,63.49346279,,60.02481746,63.49346279,,60.02481746,63.49346279,,400.6600037,0.429391483,,,21.61910189,35.97598386,10.04009337,13.19159737
168.6399994,170.7200012,167.6600037,170.3899994,170.2094116,19791300,172.8194984,,,,,57.89893564,62.58947515,,57.89893564,62.58947515,,57.89893564,62.58947515,,396.3800049,0.429865274,,,8.456310057,21.87877162,9.172533993,12.38778469
171.8800049,173.1199951,169.0599976,169.5399933,169.3603058,19277000,173.7094978,,,,,56.78322213,61.26791113,,56.78322213,61.26791113,,56.78322213,61.26791113,,397.730011,0.426269048,,,9.120263178,13.06522504,8.320485175,11.57432479
171.8999939,177.5500031,171.8699951,174.9400024,174.7545929,46051100,175.1034981,,,,,61.81715615,60.50291383,71.58417416,61.81715615,60.50291383,71.58417416,61.81715615,60.50291383,71.58417416,396.2600098,0.441477813,,,16.35639829,11.31099051,7.988875176,10.85723487
174.5899963,177.8500061,173.0500031,173.4199982,173.2361908,30998400,176.3259979,,,,,59.70887268,59.79454008,70.69208418,59.70887268,59.79454008,70.69208418,59.70887268,59.79454008,70.69208418,394.7399902,0.439327158,,,22.9830628,16.15324143,7.516771559,10.18914221
172.3800049,175.0099945,171.4299927,174.5299988,174.3450165,17352000,177.3964981,,,,,60.76131315,59.76889219,70.03201303,60.76131315,59.76889219,70.03201303,60.76131315,59.76889219,70.03201303,397.8099976,0.43872703,,,37.11818755,25.48588288,7.14977565,9.581268894
178.9199982,186.6199951,177.0500031,185.25,185.0536499,45877700,177.2204979,,,,,69.14401219,60.64138484,69.54294009,69.14401219,60.64138484,69.54294009,69.14401219,60.64138484,69.54294009,404.1900024,0.458324053,,,57.56963665,39.223629,7.63592111,9.192199337
188,189.6600037,184.6399994,184.8999939,184.7040253,33209400,177.1389977,,,,,68.62849948,61.55744226,68.93664877,68.62849948,61.55744226,68.93664877,68.62849948,61.55744226,68.93664877,404.4700012,0.457141428,,,73.5802539,56.08935936,7.901864547,8.934132379
189,190.3600006,184.0099945,184.5099945,184.3144379,36701500,177.0614975,,,,,68.01995249,62.53186459,68.73592021,68.01995249,62.53186459,68.73592021,68.01995249,62.53186459,68.73592021,398.269989,0.463278679,,,81.78897354,70.97962136,7.989063989,8.745118701
182.8699951,185.2599945,181.3399963,184.9700012,184.7739563,19432400,176.7289978,,,,,68.3761487,63.45979029,68.49188173,68.3761487,63.45979029,68.49188173,68.3761487,63.45979029,68.49188173,398.9200134,0.463676915,,,76.28271421,77.21731388,8.003034868,8.596701934
186.3500061,188.9299927,180.3000031,181.6900024,181.4974365,26582800,176.6419983,,,,,62.9888841,64.02534012,67.91901451,62.9888841,64.02534012,67.91901451,62.9888841,64.02534012,67.91901451,391.5599976,0.464015741,,,70.76357366,76.27842047,7.661125712,8.40958669
181.0099945,184.7700043,178.8000031,179.5099945,179.3197327,25665000,176.7214981,,,,,59.62631867,64.34123973,66.75180477,59.62631867,64.34123973,66.75180477,59.62631867,64.34123973,66.75180477,385.9100037,0.465160252,,,63.42142877,70.15590554,7.132038126,8.154076977
177.9600067,183.7799988,174.8200073,180.8999939,180.7082672,24728000,177.0589981,,,,,61.0539354,64.25643743,65.75945003,61.0539354,64.25643743,65.75945003,61.0539354,64.25643743,65.75945003,385.3599854,0.469431183,,,57.44491207,63.87663816,6.747117169,7.872685015
187.5800018,194.3200073,186.5599976,194.0200043,193.8143616,41642600,177.7884987,,,,,71.35123649,65.55003341,65.20452116,71.35123649,65.55003341,65.20452116,71.35123649,65.55003341,65.20452116,391.730011,0.49529012,,,69.80109109,63.55581064,7.415261211,7.781200254
192.9499969,197.7799988,190.8399963,197.75,197.5404053,42123600,178.7019989,162.3907993,,,,73.49668853,66.96507512,64.68427585,73.49668853,66.96507512,64.68427585,73.49668853,66.96507512,64.68427585,389.2799988,0.50798911,0.406172265,,85.70035528,70.98211948,8.151781003,7.855316404
198.2599945,205.7599945,196.0899963,204.9299927,204.7127838,50447100,180.0904984,163.9945992,,,,77.05824559,67.84443438,64.72407322,77.05824559,67.84443438,64.72407322,77.05824559,67.84443438,64.72407322,396.1099854,0.517356291,0.409968265,,98.83784142,84.7797626,9.208691584,8.12599144
200.5599976,201.8999939,195.4299927,195.6100006,195.4026794,50141100,181.2489983,165.3593991,,,,64.87192083,67.42703676,64.52106029,64.87192083,67.42703676,64.52106029,64.87192083,67.42703676,64.52106029,389.9899902,0.501576978,0.413361801,,89.35761965,91.29860545,9.188337924,8.338460737
198.4799957,199.3600006,193.6399994,197.8099976,197.6003418,25186300,182.4954979,166.776799,,,,66.22955162,67.22810333,64.52884938,66.22955162,67.22810333,64.52884938,66.22955162,67.22810333,64.52884938,393.7399902,0.502387368,0.416717578,,81.67162618,89.95569575,9.243179253,8.51940444
203.1999969,203.5500031,197.9499969,202.1600037,201.9457397,31827000,183.999498,168.219599,,,,68.79740629,67.27490972,64.5336537,68.79740629,67.27490972,64.5336537,68.79740629,67.27490972,64.5336537,398.9100037,0.506780983,0.420152517,,78.93001211,83.31975265,9.527819764,8.721087505
202.5,207.3699951,199.6699982,199.8099976,199.5982208,28477800,185.4339981,169.6263989,,,,65.88286702,67.59646338,64.42088311,65.88286702,67.59646338,64.42088311,65.88286702,67.59646338,64.42088311,392.1099854,0.509576407,0.423667924,,81.04339553,80.5483446,9.454784694,8.867826943
202.8399963,207.8800049,202.1499939,204.2799988,204.0634918,27389700,187.0459984,171.0521988,,,,68.60714832,68.59433334,64.52179958,68.60714832,68.59433334,64.52179958,68.60714832,68.59433334,64.52179958,393.1700134,0.519571666,0.427249484,,85.1328177,81.70207511,9.646397946,9.023541143
205.1799927,207.5800018,203.5500031,206.0099945,205.7916412,27716400,188.8269981,172.5145987,,,,69.61829381,69.54592872,64.86684557,69.61829381,69.54592872,64.86684557,69.61829381,69.54592872,64.86684557,395.75,0.520555893,0.430940841,,86.74282225,84.30634516,9.824597184,9.183752352
204.8099976,205.8600006,201.3600006,202.8399963,202.6250153,18527200,190.4919983,173.8371985,,,,65.45781736,68.89110437,65.03349513,65.45781736,68.89110437,65.03349513,65.45781736,68.89110437,65.03349513,396.4899902,0.511589199,0.434284777,,89.40307945,87.09290647,9.599373404,9.266876562
200.1499939,201.0299988,197.8999939,200.6799927,200.4673004,19127300,191.7789978,175.1111984,,,,62.70788504,67.69234843,65.12645122,62.70788504,67.69234843,65.12645122,62.70788504,67.69234843,65.12645122,395.6000061,0.507280055,0.437555598,,85.77330896,87.30640355,9.141213473,9.241743944
203.5599976,205.7200012,202.5399933,205.3500061,205.1323547,18851100,193.3754982,176.5109985,,,,66.03062509,66.46705726,65.39767017,66.03062509,66.46705726,65.39767017,66.03062509,66.46705726,65.39767017,401.3500061,0.511648195,0.440982618,,85.10786386,86.76141743,9.050619573,9.20351907
203.3800049,208.0899963,202.8200073,207.8399963,207.6197052,22608300,195.0409981,178.0073984,,,,67.68396308,66.7795064,65.70403599,67.68396308,66.7795064,65.70403599,67.68396308,66.7795064,65.70403599,403.7000122,0.514837726,0.444483796,,89.93906656,86.94007979,9.075132182,9.177841693
207.2400055,212.1699982,206.7700043,211.9400024,211.7153625,25440300,196.3754982,179.5231985,,,,70.25146739,67.22638593,66.19813726,70.25146739,67.22638593,66.19813726,70.25146739,67.22638593,66.19813726,409.3900146,0.517697049,0.447831254,,96.89925087,90.6487271,9.317982922,9.205869938
208.8399963,213.4900055,208.1999969,213.0700073,212.8441772,17924600,197.7839989,180.9971988,,,,70.93682408,67.46409902,66.76428134,70.93682408,67.46409902,66.76428134,70.93682408,67.46409902,66.76428134,410.9500122,0.51848157,0.451159863,,98.83206875,95.22346206,9.492205596,9.26313707
213.3899994,216.2400055,212.5399933,214.7200012,214.4924164,21026400,199.2944992,182.4261987,,,,71.95289913,68.13854703,67.16971106,71.95289913,68.13854703,67.16971106,71.95289913,68.13854703,67.16971106,408.6700134,0.525411687,0.454515861,,96.84065114,97.52399025,9.652155003,9.340940657
214.1499939,215.1900024,209.9400024,211.4799957,211.2558441,19396600,200.6199989,183.7929987,,,,66.99951014,67.95992057,67.46133656,66.99951014,67.95992057,67.46133656,66.99951014,67.95992057,67.46133656,407.6000061,0.518841984,0.457739278,,90.11934632,95.26402207,9.409013445,9.354555214
209.25,216.9400024,208.6499939,216.1000061,215.8709564,26104400,202.3404991,185.2849988,,,,70.15461114,68.01951138,67.83706848,70.15461114,68.01951138,67.83706848,70.15461114,68.01951138,67.83706848,409.1900024,0.528116535,0.461232794,,89.53573358,92.16524368,9.479840535,9.379612278
214.7100067,215.6600037,210.6600037,214.75,214.5223846,16106100,204.1024994,186.6339987,,,,68.10555947,68.31370495,67.79553037,68.10555947,68.31370495,67.79553037,68.10555947,68.31370495,67.79553037,409.6099854,0.524279211,0.464439811,,87.94359102,89.19955697,9.319606679,9.367611158
215.4799957,216.0200043,213.4100037,213.8500061,213.6233521,16710100,205.75,187.8761987,,,,66.70676129,68.75802453,67.71866084,66.70676129,68.75802453,67.71866084,66.70676129,68.75802453,67.71866084,409.7200012,0.521941827,0.467397874,,89.55459746,89.01130735,9.016066604,9.297302247
214.8399963,216.8399963,212.5800018,214,213.7731781,18972200,206.7489998,189.2149988,,,,66.82903955,68.84673725,67.67102433,66.82903955,68.84673725,67.67102433,66.82903955,68.84673725,67.67102433,408.0499878,0.524445549,0.470544615,,85.60924802,87.70247883,8.687468433,9.175335485
215.7299957,221.1499939,215.6900024,220.3500061,220.1164551,23310400,207.8790001,190.6425989,,,,71.58676263,69.28038165,67.79944888,71.58676263,69.28038165,67.79944888,71.58676263,69.28038165,67.79944888,413.4700012,0.532928642,0.47387343,,88.29634828,87.82006459,8.837570428,9.107782473
217.8800049,222.1100006,217.5500031,221.4900055,221.255249,21591200,208.7070007,192.0099991,,,,72.35341377,69.51393124,68.17403007,72.35341377,69.51393124,68.17403007,72.35341377,69.51393124,68.17403007,412.4599915,0.536997551,0.477158659,,92.85236852,88.91932161,8.945398775,9.075305734
219.7899933,220.9799957,217.1300049,218.8600006,218.6280365,15481900,209.8695007,192.611799,,,,67.80779207,69.16626102,68.50128901,67.80779207,69.16626102,68.50128901,67.80779207,69.16626102,68.50128901,413.9400024,0.528723968,0.478674642,,93.52469559,91.55780413,8.718136848,9.003871957
219.9100037,220.4400024,216.2100067,217.8899994,217.6590576,12281000,210.8735008,193.238999,,,,66.15693287,68.52226477,68.7054089,66.15693287,68.52226477,68.7054089,66.15693287,68.52226477,68.7054089,414.2099915,0.526037527,0.480148224,,87.48375951,91.28694121,8.363351631,8.875767891
213.4700012,217.3300018,212.9299927,215.6999969,215.4713745,15898100,211.5505005,193.831799,,,,62.45961544,68.01783203,68.34974406,62.45961544,68.01783203,68.34974406,62.45961544,68.01783203,68.34974406,414.1400146,0.520838338,0.481485128,,77.26083323,86.08976278,7.815376104,8.663689534
213.4799957,216.75,212.7700043,213.0700073,212.8441772,16475400,212.213501,194.2607993,,,,58.2494666,66.69503819,67.73985518,58.2494666,66.69503819,67.73985518,58.2494666,66.69503819,67.73985518,411.8800049,0.517310879,0.482600873,,62.09194364,75.61217879,7.087186692,8.348388966
210.2100067,213.4100037,209.5800018,212.8899994,212.6643524,17717200,212.644001,194.8499994,,,,57.96148817,65.56791916,66.97598489,57.96148817,65.56791916,66.97598489,57.96148817,65.56791916,66.97598489,412.2000122,0.516472569,0.483996683,,47.18540203,62.17939296,6.421542654,7.963019703
213.6799927,213.9199982,210.7100067,212.7899933,212.5644531,15750900,212.9830009,195.5473993,,,,57.79054791,64.57722878,66.69272997,57.79054791,64.57722878,66.69272997,57.79054791,64.57722878,66.69272997,412.6300049,0.515692002,0.485569458,,35.18122344,48.15285637,5.818869002,7.534189563
210.8200073,211.2599945,207.1300049,207.5500031,207.3300171,19198200,213.2185013,196.2153995,,,,49.54542632,62.65682731,66.02536496,49.54542632,62.65682731,66.02536496,49.54542632,62.65682731,66.02536496,406.0799866,0.51110621,0.487255655,,22.42608904,34.93090484,4.862371973,6.999826045
212.5,214.1100006,208.8800049,209.3999939,209.1780548,41992700,213.6545013,196.8147995,,,,52.14153462,60.49624642,65.35913009,52.14153462,60.49624642,65.35913009,52.14153462,60.49624642,65.35913009,404.3599854,0.51785538,0.48892008,,16.23832565,24.61521271,4.205145686,6.440889973
239.8899994,241.6900024,236.7700043,238.5599976,238.3071442,71196500,215.3150009,197.9963995,,,,74.45400799,60.72964578,65.70197573,74.45400799,60.72964578,65.70197573,74.45400799,60.72964578,65.70197573,412.4100037,0.57845347,0.491790042,,36.30015607,24.98819025,5.968457055,6.34640339
239.0099945,240.4299927,235.75,240.3200073,240.0652924,39554000,216.9390015,199.2595996,,,,75.20538601,61.55160066,65.96590524,75.20538601,61.55160066,65.96590524,75.20538601,61.55160066,65.96590524,415.9299927,0.57778956,0.494786966,,67.37754493,39.97200888,7.422351846,6.561593081
238.6199951,244,236.4600067,243.1799927,242.9222412,29143900,218.501001,200.6743994,,,,76.41913494,62.69184533,66.23793888,76.41913494,62.69184533,66.23793888,76.41913494,62.69184533,66.23793888,415.5100098,0.585256641,0.498044954,,94.91837174,66.19869091,8.705004981,6.990275461
243.1799927,244.9199982,238.9900055,239.2400055,238.9864349,24350100,219.8095009,202.0015994,,,,71.24495743,63.66799444,66.46942449,71.24495743,63.66799444,66.46942449,71.24495743,63.66799444,66.46942449,410.8399963,0.58231917,0.50120143,,92.92714277,85.07435315,9.296429342,7.451506237
239.4700012,241.75,232.75,237.0299988,236.7787781,34463900,220.9250008,203.3005994,,,,68.44553897,64.80089137,66.69893064,68.44553897,64.80089137,66.69893064,68.44553897,64.80089137,66.69893064,408.019989,0.580927418,0.504196359,,87.28899782,91.71150411,9.47755696,7.856716382
236.0599976,238.1999969,232.9299927,233.5200043,233.2724915,17889400,222.0270012,204.5485995,,,,64.13523491,65.48686323,66.62311504,64.13523491,65.48686323,66.62311504,64.13523491,65.48686323,66.62311504,405.1300049,0.576407576,0.507137167,,77.97478134,86.06364064,9.231460154,8.131665136
232.2400055,234.6799927,229.8500061,232.7799988,232.5332794,26978900,222.8610008,205.7633997,,,,63.2311545,66.09137508,66.44500269,63.2311545,66.09137508,66.44500269,63.2311545,66.09137508,66.44500269,412.6300049,0.564137353,0.509832085,,72.27661792,79.18013236,8.874415664,8.280215242
231.4199982,235.6199951,230.2700043,233.2700043,233.0227661,16400500,223.787001,207.0209998,,,,63.59708384,67.65267036,66.17882735,63.59708384,67.65267036,66.17882735,63.59708384,67.65267036,66.17882735,412.7399902,0.565174225,0.512538264,,68.96004813,73.07048246,8.532635767,8.330699347
231.4600067,235.8800049,231.0800018,233.3699951,233.1226501,16865600,224.7630005,208.2975998,,,,63.67652555,68.93433602,65.88841541,63.67652555,68.93433602,65.88841541,63.67652555,68.93433602,65.88841541,410.9299927,0.567906941,0.515371021,,68.8277299,70.02146532,8.175597958,8.299679069
236.1699982,236.75,230.7200012,233.0800018,232.832962,19119000,225.7170006,209.4603998,,,,63.2454493,67.68894061,65.54011742,63.2454493,67.68894061,65.54011742,63.2454493,67.68894061,65.54011742,412.8500061,0.564563397,0.517832733,,69.09235291,68.96004364,7.779564906,8.195656236
233.0500031,238.2100067,232.3000031,235.7899933,235.5400848,20449000,226.4889999,210.7077997,,,,65.58982029,66.62054441,65.48372982,65.58982029,66.62054441,65.48372982,65.58982029,66.62054441,65.48372982,412.1300049,0.572125277,0.520488696,,71.31515388,69.74507889,7.596808244,8.075886638
236.7400055,236.9600067,231.4499969,233.8099976,233.5621796,16155300,227.1049995,211.8933997,,,,62.45533816,65.06901144,65.1757589,62.45533816,65.06901144,65.1757589,62.45533816,65.06901144,65.1757589,411.5899963,0.568065307,0.523075461,,71.70326583,70.70359087,7.209101135,7.902529537
236.9199982,240.2599945,235.3300018,238.8600006,238.606842,20653200,228.1049995,212.9655997,,,,66.81172208,64.57642973,65.12400541,66.81172208,64.57642973,65.12400541,66.81172208,64.57642973,65.12400541,413.0100098,0.578339495,0.52547577,,76.54206219,73.1868273,7.226036252,7.76723088
235.7899933,239.6399994,235.5200043,238.8200073,238.5668793,18163800,229.1514999,214.0439999,,,,66.7456708,64.38755549,65.12556179,66.7456708,64.38755549,65.12556179,66.7456708,64.38755549,65.12556179,410.25,0.582132864,0.527975599,,71.10276782,73.11603195,7.153766166,7.644537937
238.4499969,243.8399963,238.1399994,242.4900055,242.2329865,21193100,230.4910004,215.2036002,,,,69.70543232,65.00646631,65.2406175,69.70543232,65.00646631,65.2406175,69.70543232,65.00646631,65.2406175,415.230011,0.583989594,0.530389817,,75.52763708,74.39082236,7.30838329,7.577307008
241.3000031,247.0899963,241.1900024,246.8500061,246.5883789,22943300,232.1800003,216.4412003,,,,72.80245007,66.0699436,65.289245,72.80245007,66.0699436,65.289245,72.80245007,66.0699436,65.289245,419.230011,0.588817593,0.53289263,,80.66850082,75.76630191,7.69404196,7.600653998
247.4700012,248.6900024,243.4100037,245.6399994,245.3796539,21599800,233.8175003,217.7202002,,,,70.64400905,66.85293529,65.22086881,70.64400905,66.85293529,65.22086881,70.64400905,66.85293529,65.22086881,418.6199951,0.586785157,0.535348019,,88.76475148,81.65362979,7.811990046,7.642921208
245.4100037,253.5700073,245.1199951,248.3200073,248.0568085,27738500,235.594001,219.0964005,,,,72.58288043,67.84253028,65.41187234,72.58288043,67.84253028,65.41187234,72.58288043,67.84253028,65.41187234,418.7900085,0.592946351,0.537903741,,86.76191524,85.39838918,8.029163795,7.720169725
246.8099976,251.6100006,246.6499939,246.7400055,246.4784851,17748100,237.5535011,220.4132007,,,,69.66173786,68.55545123,65.55206454,69.66173786,68.55545123,65.55206454,69.66173786,68.55545123,65.55206454,414.0899963,0.595860822,0.540432334,,77.62784285,84.38483652,7.981773694,7.772490519
245.2799988,249.5899963,244.9499969,249.2100067,248.9458771,17724300,239.5440018,221.5170007,,,,71.5868756,69.22179071,65.91715495,71.5868756,69.22179071,65.91715495,71.5868756,69.22179071,65.91715495,411.0899963,0.606217638,0.542650884,,76.89713098,80.42896302,8.050721447,7.828136705
253.3999939,255.6199951,249.1699982,252.6900024,252.4221802,22371400,240.250502,222.6158008,192.5033,,,74.08224433,70.51366917,66.55046606,74.08224433,70.51366917,66.55046606,74.08224433,70.51366917,66.55046606,414.6499939,0.609405538,0.544679212,,80.42215067,78.31570817,8.290600726,7.920629509
252.9299927,262.3099976,252.7100067,262.0400085,261.7622681,25727200,241.3365021,223.7580011,193.8763001,,,79.33386031,71.90501786,67.40536094,79.33386031,71.90501786,67.40536094,79.33386031,71.90501786,67.40536094,420.019989,0.62387509,0.546809588,,89.73535284,82.35154483,9.129929984,8.162489604
265.25,268.6499939,261.2900085,262.519989,262.2417603,23816500,242.3035019,225.0962009,195.2278,,,79.56279595,73.32914288,68.27625087,79.56279595,73.32914288,68.27625087,79.56279595,73.32914288,68.27625087,420.1799927,0.624779841,0.549273646,,90.4752691,86.87759087,9.721768387,8.474345361
260,265,258.4500122,264.7200012,264.4394226,25473700,243.5775017,226.4344009,196.6056,,,80.62239221,74.54213842,69.5193295,80.62239221,74.54213842,69.5193295,80.62239221,74.54213842,69.5193295,417.8500061,0.633528772,0.551896474,,90.80649022,90.33903739,10.25016961,8.82951021
265.8999939,274,265.8900146,272.6099854,272.3210449,25609500,245.356501,227.8434006,198.0314998,,,83.85524615,75.77022688,70.78787796,83.85524615,75.77022688,70.78787796,83.85524615,75.77022688,70.78787796,421.8200073,0.646270875,0.554686272,,90.00245255,90.42807062,11.17674856,9.298957881
272.6600037,275.3500061,271.1199951,272.6099854,272.3210449,19405300,247.3110001,229.2994003,199.4628996,,,83.85524615,77.23814211,71.16392749,83.85524615,77.23814211,71.16392749,83.85524615,77.23814211,71.16392749,427.9200134,0.637058274,0.557235909,,93.10736522,91.305436,11.77533038,9.794232381
270.2999878,275.5700073,269.5599976,271.3900146,271.102356,20742900,249.2415009,230.6416006,200.8468997,,,81.41936404,78.21997362,71.41248661,81.41936404,78.21997362,71.41248661,81.41936404,78.21997362,71.41248661,427.1000061,0.635424984,0.559552975,,93.14988608,92.08656795,12.01279334,10.23794457
270.1400146,276.5700073,269.6900024,271.1199951,270.8326416,19419000,251.1340004,231.9438007,202.2291997,,,80.85949364,79.46416871,71.59010096,80.85949364,79.46416871,71.59010096,80.85949364,79.46416871,71.59010096,428.0299988,0.633413536,0.561810128,,89.51159322,91.92294817,12.04040187,10.59843603
271.6700134,274.25,262.7999878,263.6000061,263.3206177,26163600,252.6455009,233.1590009,203.4980997,,,67.03450141,78.95834935,71.42168272,67.03450141,78.95834935,71.42168272,67.03450141,78.95834935,71.42168272,426.5499878,0.617981511,0.563937974,,79.57409322,87.41185751,11.32493477,10.74373578
260.6199951,267.6499939,258.8800049,264.5799866,264.2995605,20899400,254.2205002,234.4370007,204.7740996,,,67.80696966,78.26109661,71.39613994,67.80696966,78.26109661,71.39613994,67.80696966,78.26109661,71.39613994,429.1300049,0.616549725,0.566123368,,71.00037803,80.02868816,10.71349961,10.73768855
262.480011,267.9500122,261.7000122,264.9500122,264.6691895,16938500,255.6785011,235.6290009,206.0699997,,,68.11082255,77.01409242,71.55516345,68.11082255,77.01409242,71.55516345,68.11082255,77.01409242,71.55516345,429.8999939,0.616306155,0.568216527,,63.47797542,71.35081556,10.14188152,10.61852714
267.1700134,271.75,265.3299866,271.0499878,270.7626953,15442500,257.5405006,236.8932007,207.4502995,,,72.68744256,76.25016426,71.93341497,72.68744256,76.25016426,71.93341497,72.68744256,76.25016426,71.93341497,433.7999878,0.624827099,0.570416315,,69.87856418,68.11897254,10.06506333,10.50783438
274.8800049,275.7200012,269.0899963,271.3200073,271.0324402,16164000,259.163501,238.0808008,208.8019997,,,72.87303255,75.3891243,72.30445292,72.87303255,75.3891243,72.30445292,72.87303255,75.3891243,72.30445292,436.6600037,0.621353009,0.572489434,,76.39678758,69.91777573,9.911716586,10.38861082
271.8900146,274.9899902,268.3200073,273.3500061,273.0602722,19175100,260.8900009,239.2864008,210.1417998,,,74.28758895,74.32605128,72.72889546,74.28758895,74.32605128,72.72889546,74.28758895,74.32605128,72.72889546,437.1799927,0.625257356,0.574624949,,84.72913433,77.00149537,9.840556313,10.27899992
272.2999878,283.9899902,271.4200134,281.8299866,281.5312805,25973500,262.857,240.6286005,211.5273996,,,79.17325864,73.80583044,73.36600783,79.17325864,73.80583044,73.36600783,79.17325864,73.80583044,73.36600783,442.6000061,0.636760015,0.576851916,,88.24645945,83.12412712,10.34912655,10.29302524
284.75,287.8500061,280.1300049,281,280.702179,43102500,264.5644997,242.0190005,212.9059996,,,77.6186949,73.38353387,73.84716281,77.6186949,73.38353387,73.84716281,77.6186949,73.38353387,73.84716281,439.4599915,0.63942112,0.579263499,,86.01448105,86.33002494,10.56343049,10.34710629
278.730011,284.7999878,276.2200012,284.3299866,284.0286255,20701600,266.498999,243.3836002,214.3342995,,,79.36897263,73.21792043,74.52370819,79.36897263,73.21792043,74.52370819,79.36897263,73.21792043,74.52370819,437.1799927,0.650372824,0.581708625,,85.94080348,86.73391466,10.87659142,10.45300332
283.5299988,284,278.3599854,281.6400146,281.3415222,20556200,268.1649994,244.7214005,215.6776996,,,74.31330969,74.0266769,74.8237717,74.31330969,74.0266769,74.8237717,74.31330969,74.0266769,74.8237717,434.9400024,0.647537621,0.584173793,,81.09728627,84.35085693,10.78341102,10.51908486
279.0799866,285.2600098,277.7900085,284.8800049,284.578064,17563100,270.0719994,246.1420004,217.0090996,,,76.27368107,74.96742262,75.20489211,76.27368107,74.96742262,75.20489211,76.27368107,74.96742262,75.20489211,436.5100098,0.652631093,0.586787578,,85.44640518,84.16149831,10.84597931,10.58446375
281.5100098,289.6700134,278.9500122,288.730011,288.4239807,50988400,272.0479996,247.6366006,218.4257997,,,78.38470773,76.10896541,75.55206313,78.38470773,76.10896541,75.55206313,78.38470773,76.10896541,75.55206313,433.2099915,0.666489732,0.589628462,,88.41970907,84.98780017,11.07852214,10.68327543
288.7000122,289.7900085,277.6000061,278.4700012,278.1748657,24232700,273.3369995,248.7990005,219.7207997,,,62.44056372,74.97042332,75.13758767,62.44056372,74.97042332,75.13758767,62.44056372,74.97042332,75.13758767,431.4400024,0.645443166,0.591878752,,83.35753114,85.74121513,10.31600053,10.60982045
282.0100098,289.3500061,280.6499939,287.0499878,286.7457581,26108300,274.5874985,250.1102002,221.0600996,,,68.2556914,74.45738541,75.04205497,68.2556914,74.45738541,75.04205497,68.2556914,74.45738541,75.04205497,436.1700134,0.658114907,0.594301099,,83.82002359,85.19908793,10.28546543,10.54494944
284.8200073,289.5499878,284.0599976,285.2900085,284.9876404,16722100,275.7259995,251.4388004,222.0252997,,,65.99844226,73.53636911,74.77867744,65.99844226,73.53636911,74.77867744,65.99844226,73.53636911,74.77867744,436.3900146,0.653750084,0.596801622,,79.9848745,82.38747641,10.00393144,10.43674584
284.5,286.5700073,280.6900024,281.5299988,281.2315979,15395700,276.5664993,252.7116003,222.9752997,,,61.33192045,71.55399821,74.44548474,61.33192045,71.55399821,74.44548474,61.33192045,71.55399821,74.44548474,438.1099854,0.642601192,0.599132895,,82.39052472,82.06514094,9.369407653,10.22327821
284.7600098,289.0499878,284.4200134,286.980011,286.6758423,19676000,277.2850006,254.1372006,223.9844998,,,65.17551447,70.1714226,74.1890303,65.17551447,70.1714226,74.1890303,65.17551447,70.1714226,74.1890303,443.2799988,0.647401218,0.601664153,,81.51598727,81.29712883,9.200258566,10.01867428
286.7000122,289.3999939,284.8500061,286.019989,285.7168274,8629300,277.9555008,255.5962003,224.9284998,,,63.96929904,68.46034776,73.78451249,63.96929904,68.46034776,73.78451249,63.96929904,68.46034776,73.78451249,443.7900085,0.64449398,0.604207815,,80.51562675,81.47404625,8.886305152,9.792200453
287.6499939,298.1199951,286.3599854,294.3699951,294.0579834,33865500,279.1044998,257.2258002,226.0378998,,,69.29252416,67.9024827,73.38285904,69.29252416,67.9024827,73.38285904,69.29252416,67.9024827,73.38285904,443.1300049,0.664297141,0.607164306,,86.12283449,82.7181495,9.205159173,9.674792197
295.8900146,298.1199951,291.3099976,291.9899902,291.6805115,47600500,280.1479996,258.8098001,227.1785997,,,66.2864306,66.7927882,72.85180443,66.2864306,66.7927882,72.85180443,66.2864306,66.7927882,72.85180443,439.6600037,0.664126798,0.610133002,,82.29926385,82.97924169,9.160213539,9.571876465
292.1799927,296.2000122,288.6600037,290.5299988,290.2220764,25546200,281.4944992,260.4694,228.3423997,,,64.43960399,65.24333223,72.2044929,64.43960399,65.24333223,72.2044929,64.43960399,65.24333223,72.2044929,438.5499878,0.662478638,0.61316045,,76.59991317,81.67400383,8.904143271,9.438329826
295.5499878,298.1300049,287.0499878,294.1000061,293.7882996,37058300,282.9705002,262.1634003,229.4890999,,,66.87025735,65.73552041,71.52509334,66.87025735,65.73552041,71.52509334,66.87025735,65.73552041,71.52509334,439.6600037,0.668925997,0.616181863,,74.66340609,77.85419437,8.886833607,9.328030582
293.8999939,300.1799927,291.8999939,298.2900085,297.9738464,27585900,284.6375,263.3580005,230.6772,,,69.50487005,65.87431804,70.9510783,69.50487005,65.87431804,70.9510783,69.50487005,65.87431804,70.9510783,442.4599915,0.674162669,0.618096047,,79.52629332,76.92987086,9.106242657,9.283672997
301.75,309.4500122,300.1000061,309.3399963,309.0121155,36677100,286.5520004,264.7384003,231.9989999,,,75.12339206,66.88820135,70.69923942,75.12339206,66.88820135,70.69923942,75.12339206,66.88820135,70.69923942,446.019989,0.693556352,0.620411383,,90.96366282,81.71778741,10.05585,9.438108397
313.6199951,316.2399902,310.2900085,313.4100037,313.0778198,30281000,288.6565002,266.1430005,233.4087,,,76.81760493,68.60883296,70.53756387,76.81760493,68.60883296,70.53756387,76.81760493,68.60883296,70.53756387,449.5599976,0.697148335,0.622649216,,94.65347422,88.38114345,11.00992072,9.752470862
311.7900085,314.8800049,307.3599854,308.8699951,308.5426331,22576000,290.4324997,267.5356003,234.7685999,,,71.00820207,69.25690936,70.6965119,71.00820207,69.25690936,70.6965119,71.00820207,69.25690936,70.6965119,449.2799988,0.687477733,0.624752388,,91.08570078,92.23427927,11.26977692,10.05593207
307.5400085,311.7099915,304.7099915,310.6199951,310.2907715,25323100,291.8720001,269.0074002,236.1539998,,,71.89064706,70.13705914,70.859859,71.89064706,70.13705914,70.859859,71.89064706,70.13705914,70.859859,450.8399963,0.688980564,0.626913451,,85.93719353,90.55878951,11.48453859,10.34165338
310.8800049,314.2000122,307.6199951,312.0499878,311.7192383,20764600,293.4244995,270.5779999,237.5632997,,,72.62391761,70.50721397,71.0403828,72.62391761,70.50721397,71.0403828,72.62391761,70.50721397,71.0403828,454.1900024,0.68704724,0.629126244,,84.4497793,87.15755787,11.63599472,10.60052165
313.0299988,318.6799927,310.519989,316.0100098,315.6750793,21763700,295.0085007,272.2426001,239.0029999,,,74.59996,71.43093946,71.1168835,74.59996,71.43093946,71.1168835,74.59996,71.43093946,71.1168835,455.2000122,0.694222323,0.631727943,,88.46490331,86.28395872,11.93795219,10.86800775
313.5,315.5400085,302.2200012,302.519989,302.1993408,23836900,296.0524994,273.6275998,240.3242998,,,58.98143552,70.82447629,70.56121961,58.98143552,70.82447629,70.56121961,58.98143552,70.82447629,70.56121961,452.1799927,0.669025596,0.633804971,,78.00563374,83.64010545,10.9623565,10.8868775
304.5700073,305.4599915,291.2000122,294.2600098,293.9481201,42089700,296.5214996,274.8454001,241.5714999,,,51.82652047,69.15294997,69.66277687,51.82652047,69.15294997,69.66277687,51.82652047,69.15294997,69.66277687,452.1799927,0.65075858,0.635462004,,57.87289965,74.78114557,9.414158046,10.59233361
295.7799988,297.519989,288.2999878,291.6099854,291.3009033,24915700,296.6654984,276.0159998,242.7381998,,,49.74171517,66.95704388,68.48551514,49.74171517,66.95704388,68.48551514,49.74171517,66.95704388,68.48551514,454.2000122,0.642029893,0.637011333,,32.29687642,56.05846994,7.882500235,10.05036694
295.1900024,298.2999878,291.8599854,294.4700012,294.1578979,19585600,297.4654984,277.1895999,243.9486998,,,51.98652641,64.38628103,67.4602284,51.98652641,64.38628103,67.4602284,51.98652641,64.38628103,67.4602284,455.4400024,0.646561566,0.638500059,,22.50605298,37.55860968,6.820803783,9.404454306
301.1900024,301.769989,291.8999939,298.5700073,298.2535706,47256900,298.0414993,278.4848001,245.1890999,,,55.08377562,61.9714111,66.48882052,55.08377562,61.9714111,66.48882052,55.08377562,61.9714111,66.48882052,455.5100098,0.655463109,0.640248015,,25.37458802,26.72583914,6.23832638,8.771228721
325.1199951,325.3500061,309.8399963,311.7099915,311.3796082,64229200,299.3624985,279.9417999,246.4536998,,,63.26299401,61.11083243,66.04680789,63.26299401,61.11083243,66.04680789,63.26299401,61.11083243,66.04680789,452.4899902,0.688877098,0.642458767,,41.4221192,29.76758673,6.759081264,8.36879923
316.8800049,326.2000122,314.25,325.480011,325.1350403,39220300,301.5599991,281.675,247.8595,,,69.52575592,60.84806675,65.77689088,69.52575592,60.84806675,65.77689088,69.52575592,60.84806675,65.77689088,456.9200134,0.712334766,0.645062805,,66.30261298,44.36644006,8.188516634,8.33274271
323.6900024,325.6600037,317.5899963,318.6000061,318.2623291,25799600,303.1409988,283.1972,249.2004001,,,63.68414856,59.85475908,65.18886852,63.68414856,59.85475908,65.18886852,63.68414856,59.85475908,65.18886852,457.7900085,0.695952293,0.647302059,,80.81129666,62.84534295,8.666295903,8.399453349
317.5400085,324.1400146,314.6600037,322.7099915,322.3679504,22817900,304.975499,284.7143997,250.5778,,,65.54647788,58.84881662,65.31310508,65.54647788,58.84881662,65.31310508,65.54647788,58.84881662,65.31310508,456.480011,0.706953171,0.649664771,,89.61299871,78.90896945,9.269725263,8.573507732
318,318.3900146,310.6499939,314.3099976,313.9768677,20461100,305.9724991,286.0877997,251.9039999,,,58.89852341,58.83960416,64.93881836,58.89852341,58.83960416,64.93881836,58.89852341,58.83960416,64.93881836,450.1300049,0.698264933,0.651894366,,79.78889472,83.4043967,8.966774675,8.65216112
309.9299927,315.9500122,309.9299927,313.1900024,312.8580627,15180200,307.0324997,287.3851996,253.2408,,,58.05307761,59.53144384,64.62100378,58.05307761,59.53144384,64.62100378,58.05307761,59.53144384,64.62100378,448.8399963,0.697776502,0.653990969,,75.03075912,81.47755085,8.53789042,8.62930698
314.9599915,318.4100037,310.2000122,310.730011,310.4006653,17600200,308.0425003,288.6649997,254.5391002,,,56.14670501,60.24310938,64.41359516,56.14670501,60.24310938,64.41359516,56.14670501,60.24310938,64.41359516,446.8099976,0.695441044,0.655982574,,64.49428353,73.10464579,7.908333461,8.485112276
313.230011,317.0700073,310.4599915,316.5599976,316.2244873,16236500,309.1654999,290.0119995,255.7645001,,,59.5378772,61.08214836,64.18808967,59.5378772,61.08214836,64.18808967,59.5378772,61.08214836,64.18808967,450.7099915,0.702358509,0.657905391,,66.47317407,68.66607224,7.790037525,8.346097326
314.3999939,317.8900146,310.1099854,312.6400146,312.3086548,15183500,309.8830002,291.2109998,256.9134003,225.4058666,,56.38083479,61.22626604,63.8845511,56.38083479,61.22626604,63.8845511,56.38083479,61.22626604,63.8845511,448.75,0.69669084,0.659651097,,65.98945601,65.65230454,7.295874978,8.136052857
312.8800049,313.6300049,302.8500061,305.2099915,304.8865051,19955800,309.6764999,292.0743994,257.9162003,226.6089999,,50.87432508,59.84974727,63.14782313,50.87432508,59.84974727,63.14782313,50.87432508,59.84974727,63.14782313,445.75,0.684711142,0.660867818,,61.13456069,64.53239692,6.232858312,7.755413948
307.9400024,312.3399963,303.8699951,305.7399902,305.4159546,14358900,309.2929993,292.9387994,259.0175002,227.7981331,,51.24015281,57.81801359,62.54597202,51.24015281,57.81801359,62.54597202,51.24015281,57.81801359,62.54597202,445.9100037,0.685654028,0.662085302,,51.61828949,59.58076873,5.371259878,7.278583134
302.5700073,304.7200012,300.3599854,301.6400146,301.3203125,13967800,308.9315002,293.6771997,260.0558003,228.9627999,,48.24699606,56.10277443,61.89826771,48.24699606,56.10277443,61.89826771,48.24699606,56.10277443,61.89826771,445.6499939,0.676854076,0.662951808,,39.70439099,50.81908039,4.307943851,6.684455277
300.980011,306.2099915,298.25,306.1900024,305.8654785,15641900,308.7100006,294.3488,261.0961003,230.1372665,,51.62422589,54.55585754,61.28842645,51.62422589,54.55585754,61.28842645,51.62422589,54.55585754,61.28842645,448.1099854,0.683292077,0.663692232,,38.71919601,43.34729216,3.788730106,6.105310243
306.1400146,307.230011,300.0299988,301.9500122,301.6299744,11623600,308.2050018,294.9356006,262.1175005,231.2871333,,48.45123234,53.39504742,60.44628094,48.45123234,53.39504742,60.44628094,48.45123234,53.39504742,60.44628094,442.8900146,0.681772003,0.664586507,,27.79324762,35.40561154,3.000529459,5.484354086
300.2000122,301.0799866,294.2799988,294.2900085,293.9780884,18547700,307.1190018,295.3936005,263.0176006,232.3624666,,43.27619477,51.75317155,59.17239305,43.27619477,51.75317155,59.17239305,43.27619477,51.75317155,59.17239305,439.6400146,0.669388588,0.665265779,,18.3103773,28.27427365,1.737744849,4.735032239
293.0499878,296.0499878,284.9500122,285.0899963,284.7878418,23950100,306.2475021,295.6730005,263.8084006,233.3771333,,38.0232586,49.73945528,57.62061919,38.0232586,49.73945528,57.62061919,38.0232586,49.73945528,57.62061919,436.2900085,0.653441497,0.665666338,,4.5377262,16.88045038,-0.005323781,3.786961035
279.0299988,285.6900024,274.3800049,283.25,282.9497986,34061200,305.6970016,296.0660004,264.6125006,234.3540666,,37.05451809,47.24130427,56.26247184,37.05451809,47.24130427,56.26247184,37.05451809,47.24130427,56.26247184,436.5,0.648911798,0.666284944,,6.066921744,9.638341749,-1.517695506,2.726029727
283.4500122,290.5,281.8500061,289.8999939,289.5927429,20181500,305.6115021,296.5724005,265.5047006,235.3735332,,42.73322945,45.72490368,55.09617513,42.73322945,45.72490368,55.09617513,42.73322945,45.72490368,55.09617513,439.3399963,0.659853408,0.667151018,,17.80602548,9.470224473,-2.154822609,1.749859259
292.5499878,292.8999939,286.75,287.6000061,287.2951965,12999900,305.2680023,297.0254004,266.3272006,236.3884666,,41.34396066,44.6659743,53.84497685,41.34396066,44.6659743,53.84497685,41.34396066,44.6659743,53.84497685,438.1499939,0.656396234,0.667952819,,27.69973535,17.19089419,-2.812914692,0.837304469
288.5,297.3999939,287.6700134,294.2399902,293.9281311,18287000,305.0515015,297.4892004,267.1912006,237.4632665,,46.72842263,44.16467094,52.73011536,46.72842263,44.16467094,52.73011536,46.72842263,44.16467094,52.73011536,443.0299988,0.664153649,0.66873935,,36.79307815,27.43294633,-2.766772551,0.116489065
298.5,299.4599915,286.6400146,286.75,286.4460754,18360900,303.8035019,297.7978003,267.9393005,238.4672665,,42.04034549,43.4750431,52.05247176,42.04034549,43.4750431,52.05247176,42.04034549,43.4750431,52.05247176,436.8900146,0.65634368,0.669439164,,34.52026423,33.00435924,-3.296583228,-0.566125393
286.1300049,288.3900146,276.0299988,285.5,285.1973877,23701400,301.8045013,298.0408002,268.6636005,239.4414666,,41.29572974,42.32743242,51.63124013,41.29572974,42.32743242,51.63124013,41.29572974,42.32743242,51.63124013,439.9700012,0.648907878,0.669912174,,33.0310441,34.78146216,-3.773824262,-1.207665167
288,291.4500122,285.7999878,290.2600098,289.9523621,14239300,300.3875015,298.2094006,269.4190005,240.4213999,,45.2709941,41.97407261,51.45241129,45.2709941,41.97407261,51.45241129,45.2709941,41.97407261,51.45241129,442.7600098,0.655569616,0.670288366,,31.48205522,33.01112118,-3.725008633,-1.71113386
288.5799866,299.1499939,288.1799927,297.9899902,297.6741638,20844500,299.1515015,298.5492004,270.2841005,241.4537332,,51.06610014,42.83961766,51.41559423,51.06610014,42.83961766,51.41559423,51.06610014,42.83961766,51.41559423,449.1600037,0.663438391,0.670768711,,42.73765409,35.75025114,-3.02767591,-1.97444227
297.1700134,298.2900085,293.4299927,295.1000061,294.7872314,17717000,298.1910019,298.7646008,271.0741005,242.4777333,,48.97802169,44.05681355,51.17136408,48.97802169,44.05681355,51.17136408,48.97802169,44.05681355,51.17136408,451.0100098,0.654309216,0.670847439,,55.24340318,43.15437083,-2.677369224,-2.115027661
295.7999878,301.1000061,295.6600037,295.8900146,295.576416,17229900,297.3260025,299.0496008,271.8855006,243.4683333,,49.58489192,45.44907731,50.62423999,49.58489192,45.44907731,50.62423999,49.58489192,45.44907731,50.62423999,450.3500061,0.65702234,0.671037134,,63.58368933,53.85491553,-2.309380464,-2.153898222
299.3699951,301.7399902,294.4700012,296.3800049,296.0658875,12819800,296.6085022,299.2796008,272.7108006,244.4326,,49.98226903,46.25452616,49.84250052,49.98226903,46.25452616,49.84250052,49.98226903,46.25452616,49.84250052,451.1900024,0.656885133,0.671122214,,65.17503709,61.3340432,-1.955664915,-2.11425156
297.019989,301.3900146,295.5100098,300.1499939,299.8318787,14956000,295.788002,299.5080005,273.5723006,245.4532,,53.04865968,47.55504827,49.41708096,53.04865968,47.55504827,49.41708096,53.04865968,47.55504827,49.41708096,449.2399902,0.668128396,0.671154988,,75.54638154,68.10170265,-1.355510705,-1.962503389
301.7099915,303.2999878,295.6600037,299.1700134,298.8529358,15418100,295.114502,299.9220007,274.3605006,246.4545334,,52.15360443,48.15784625,48.88136603,52.15360443,48.15784625,48.88136603,52.15360443,48.15784625,48.88136603,446.2200012,0.670454064,0.671655206,,82.29299355,74.33813739,-0.94803208,-1.759609127
298,307.0499878,292.2200012,298.6700134,298.3534546,33748700,294.7875031,300.1544012,275.1323007,247.4248668,,51.67454504,49.22831286,48.59240689,51.67454504,49.22831286,48.59240689,51.67454504,49.22831286,48.59240689,444.8500061,0.671394873,0.671920805,,84.75251121,80.8639621,-0.6578647,-1.539260242
299.2200012,305.25,296.7799988,297.8900146,297.5742798,17548000,294.3950043,300.4064014,275.9226009,248.1523336,,50.88923785,50.29425821,48.3058533,50.88923785,50.29425821,48.3058533,50.88923785,50.29425821,48.3058533,445.519989,0.668634454,0.672218492,,76.84655569,81.29735348,-0.485250676,-1.328458329
301.4100037,309.0400085,301.2799988,307.5599976,307.2340088,19489300,294.6910034,300.9270013,276.8193008,248.9592002,,59.1729878,51.83892417,48.42690461,59.1729878,51.83892417,48.42690461,59.1729878,51.83892417,48.42690461,448.4500122,0.685828942,0.673083047,,80.11227987,80.57044892,0.426912802,-0.977384102
306.3299866,308.6600037,300.230011,301.6600037,301.340271,13480400,294.4645035,301.2206012,277.6789009,249.7298669,,53.26912312,52.08370451,48.17615445,53.26912312,52.08370451,48.17615445,53.26912312,52.08370451,48.17615445,445.9899902,0.676382902,0.673662681,,81.21011622,79.38965059,0.666050911,-0.6486971
302.3599854,307.1799927,301.3200073,305.0599976,304.7366638,13210900,294.6200027,301.6014014,278.5988008,250.4861336,,55.99393598,52.86325054,48.1606785,55.99393598,52.86325054,48.1606785,55.99393598,52.86325054,48.1606785,446.5100098,0.683209762,0.674436997,,87.03420877,82.78553495,1.117044089,-0.295548862
306.7399902,312.8699951,305.0299988,311.7200012,311.3896179,19343100,295.4915024,301.9484015,279.5871008,251.3414003,,60.81391987,54.11092031,48.55826229,60.81391987,54.11092031,48.55826229,60.81391987,54.11092031,48.55826229,450.3599854,0.69215741,0.674994202,,87.48818581,85.24417027,1.988938818,0.161348674
311.6099854,312,298.75,300.3099976,299.9916992,28106400,296.2525024,302.1148016,280.4623009,252.1573337,,50.5904641,54.17849754,48.53227474,50.5904641,54.17849754,48.53227474,50.5904641,54.17849754,48.53227474,443.3699951,0.677334959,0.675258365,,79.4744073,84.66560063,1.739181533,0.476915246
298.1900024,303.6000061,297.7999878,302.5499878,302.2293091,14234200,297.2175018,302.3552014,281.4123007,253.0133336,,52.2862963,54.0937905,48.69384675,52.2862963,54.0937905,48.69384675,52.2862963,54.0937905,48.69384675,443.6300049,0.681987207,0.675648537,,69.56062654,78.84107322,1.702371695,0.722006535
302.480011,306.1700134,299.8099976,305.0700073,304.7466736,15924400,297.9760025,302.5746014,282.3690009,253.8509337,,54.19115982,54.32018554,48.79652411,54.19115982,54.32018554,48.79652411,54.19115982,54.32018554,48.79652411,442.7099915,0.68909673,0.676051951,,58.01037372,69.01513586,1.85515903,0.948637034
305.0499878,308.0599976,299.4299927,299.6700134,299.3523865,19379500,298.5795029,302.6022015,282.980101,254.6522005,,49.61975775,54.09187584,48.84326512,49.61975775,54.09187584,48.84326512,49.61975775,54.09187584,48.84326512,438.6400146,0.683179836,0.676232295,,52.16895934,59.91331987,1.52295405,1.063500437
295.7000122,300.2600098,293.269989,295.730011,295.4165649,21300500,298.6540039,302.3300018,283.534201,255.4426672,,46.53521625,53.60809567,48.97362598,46.53521625,53.60809567,48.97362598,46.53521625,53.60809567,48.97362598,431.3900146,0.685528179,0.676071731,,38.43427783,49.5378703,0.931021702,1.03700469
299.2999878,305.3800049,298.269989,299.0799866,298.7630005,25369600,299.2705032,302.0434015,284.093201,256.2869338,,49.41454637,52.5238244,49.42927749,49.41454637,52.5238244,49.42927749,49.41454637,52.5238244,49.42927749,430.4200134,0.694856134,0.676025887,,28.7651535,39.78946356,0.723881628,0.974380078
295.6400146,300.9500122,293.7000122,300.8299866,300.5111389,18987000,300.0370026,301.8826013,284.7091008,257.1399337,,50.90208345,52.26081999,49.98318011,50.90208345,52.26081999,49.98318011,50.90208345,52.26081999,49.98318011,432.230011,0.695995139,0.676196235,,30.6375885,32.61233994,0.692944172,0.918092897
297.6600037,300.2999878,296.0100098,298.9599915,298.6431274,19417200,300.4720016,301.6494012,285.3284007,257.9858003,,49.23594334,51.50993192,50.24328866,49.23594334,51.50993192,50.24328866,49.23594334,51.50993192,50.24328866,425.8800049,0.701981751,0.676456259,,35.85144068,31.75139423,0.511635226,0.836801363
300.4500122,301.2999878,286.7900085,297.7399902,297.424408,36429800,300.4595016,301.3632013,285.9706006,258.8299336,,48.12909496,50.10050693,50.51469403,48.12909496,50.10050693,50.51469403,48.12909496,50.10050693,50.51469403,426.0499878,0.698838162,0.676692078,,38.7733973,35.0874755,0.266431421,0.722727374
298.9400024,306.3299866,296.7000122,303.9599915,303.6378174,22167100,300.9025009,301.1222009,286.6824005,259.7094002,,53.82809373,50.46024355,50.79868088,53.82809373,50.46024355,50.79868088,53.82809373,50.46024355,50.79868088,428.519989,0.709325117,0.676994133,,46.82039773,40.48174524,0.567466356,0.691675171
307.3800049,310.6400146,299.3599854,300.2099915,299.8918152,25356600,301.1184998,301.076001,287.3518004,260.5748668,,50.24396097,50.2333174,51.1268255,50.24396097,50.2333174,51.1268255,50.24396097,50.2333174,51.1268255,427.480011,0.702278431,0.67765919,,53.09300728,46.22893411,0.497707786,0.652881694
302.7399902,307.1799927,301.6300049,306.8200073,306.494812,16265600,301.6404999,301.3272009,288.0863005,261.4900669,,55.82719674,50.41509928,51.70808418,55.82719674,50.41509928,51.70808418,55.82719674,50.41509928,51.70808418,427.3099976,0.718026747,0.679004553,,64.69835207,54.8705857,0.964676465,0.715240648
304.2600098,306.769989,299.6400146,300.9400024,300.6210327,17362300,301.6800003,301.5138013,288.7649005,262.3300669,,50.40839901,50.50272609,51.91358037,50.40839901,50.50272609,51.91358037,50.40839901,50.50272609,51.91358037,421.5899963,0.713821497,0.680440386,,60.83844593,59.54326843,0.850481434,0.742288805
298.730011,306.8999939,298.5,305.5799866,305.2561035,16880500,302.000499,301.736001,289.4628004,263.2111335,,54.18730792,51.3529585,52.03842868,54.18730792,51.3529585,52.03842868,54.18730792,51.3529585,52.03842868,424.6600037,0.719587397,0.681900902,,68.53072494,64.68917431,1.12146148,0.81812334
304.6300049,306.2099915,299.5,304.7900085,304.46698,19130000,302.3064987,301.860401,290.1726006,264.0795336,,53.44066433,51.80030494,52.21693439,53.44066433,51.80030494,52.21693439,53.44066433,51.80030494,52.21693439,424.5,0.717997664,0.683151593,,68.08722384,65.81879824,1.257969407,0.906092553
301.4400024,316.3099976,300.9100037,315.4299927,315.0956726,21784000,303.1834976,301.934801,290.9383005,264.9474002,,61.19603446,52.94407727,52.68138009,61.19603446,52.94407727,52.68138009,61.19603446,52.94407727,52.68138009,429.5400085,0.734343685,0.684060925,,82.34149485,72.98648121,2.19935789,1.164745621
312.5,320.3299866,311.8200073,318.3599854,318.0225525,22503700,303.723497,301.7924005,291.7337003,265.8371335,,63.02262847,54.47593117,53.20299447,63.02262847,54.47593117,53.20299447,63.02262847,54.47593117,53.20299447,432.2900085,0.73645002,0.68454323,,88.87234669,79.76702179,3.145580672,1.560912631
319.1199951,324.6600037,318.1600037,321.8399963,321.4988708,19038000,304.7324966,301.8572003,292.5272002,266.7526668,,65.12257892,56.36409606,53.68595124,65.12257892,56.36409606,53.68595124,65.12257892,56.36409606,53.68595124,434.5400085,0.740645257,0.685437089,,94.56627113,88.59337089,4.128683948,2.074466894
323.0100098,328.8399963,322.9500122,327.8200073,327.4725647,22036300,305.8704971,301.9594006,293.3369002,267.7050002,,68.43941566,57.98757627,54.33738369,68.43941566,57.98757627,54.33738369,68.43941566,57.98757627,54.33738369,436.3200073,0.751329304,0.686324612,,94.75140085,92.73000622,5.328908942,2.725355304
328,330.5400085,322.6900024,324.1600037,323.8164368,20530500,306.4924973,302.1564008,294.1221002,268.6548002,,64.40252622,59.56075019,54.84650293,64.40252622,59.56075019,54.84650293,64.40252622,59.56075019,54.84650293,433.6600037,0.747498042,0.687309274,,91.8483085,93.72199349,5.916561748,3.363596593
323.5299988,325.0499878,312.3699951,314.6900024,314.3564758,21341000,307.2114975,302.1864008,294.7858002,269.5560003,,55.31156674,59.50345797,55.02339609,55.31156674,59.50345797,55.02339609,55.31156674,59.50345797,55.02339609,431.5,0.729293169,0.687939608,,82.25429601,89.61800179,5.554106593,3.801698593
318.6400146,321.8200073,315.519989,321.1499939,320.8096008,16536100,308.1414978,302.3948004,295.5299001,270.4910003,,59.51029724,60.51477999,55.03688847,59.51029724,60.51477999,55.03688847,59.51029724,60.51477999,55.03688847,436.0400085,0.73651497,0.688761086,,75.9085519,83.33705214,5.722164048,4.185791684
318.1799927,324.3999939,317.2999878,324,323.6565857,16387800,309.0879974,302.5436005,296.2778,271.3575336,,61.24050978,61.29846909,55.35574393,61.24050978,61.29846909,55.35574393,61.24050978,61.29846909,55.35574393,436.019989,0.743085198,0.68957562,,74.32741851,77.49675547,6.015974061,4.551828159
321.3900146,325.9400024,315.5599976,316.9700012,316.6340332,16851000,309.9529968,302.6302002,296.9206,272.1523336,244.71195,54.99752654,61.47145378,55.31588756,54.99752654,61.47145378,55.31588756,54.99752654,61.47145378,55.31588756,430.2099915,0.73677973,0.690377398,0.575219993,72.28584032,74.17393691,5.61681136,4.764824799
319.8800049,321.8900146,311.75,312.8099976,312.4784546,18709200,310.8069962,302.7822003,297.4282999,272.8715336,245.6523,51.64258838,60.40995977,54.9490343,51.64258838,60.40995977,54.9490343,51.64258838,60.40995977,54.9490343,426.4299927,0.733555338,0.691354282,0.577249988,60.9944378,69.20256554,4.908215659,4.793502971
314.1400146,315.2999878,306.4700012,308.6499939,308.3228455,22287400,311.2854965,302.8404004,297.8895999,273.6251336,246.5587,48.45911293,58.79179138,54.86378025,48.45911293,58.79179138,54.86378025,48.45911293,58.79179138,54.86378025,421.1900024,0.732804654,0.692297294,0.579254511,44.66290182,59.31439331,3.965261862,4.627854749
309.5,317.3599854,307.2600098,314.0100098,313.6771851,17796800,311.9444977,303.0878003,298.3825,274.3998003,247.49405,52.52034756,57.39154345,54.8731423,52.52034756,57.39154345,54.8731423,52.52034756,57.39154345,54.8731423,420.4599915,0.746824944,0.693696711,0.581315643,41.58342755,49.08025572,3.60887184,4.424058168
316.7799988,318.3500061,310.6300049,312.5499878,312.2187195,19525500,312.6239975,303.215,298.7819,275.1357335,248.4066999,51.33379344,55.49091876,54.75884765,51.33379344,55.49091876,54.75884765,51.33379344,55.49091876,54.75884765,423.6300049,0.737790015,0.69478667,0.583329423,40.7099519,42.31876042,3.172053156,4.173657165
310,310.8800049,298.8399963,299.5299988,299.2125244,42192500,312.7134979,303.1665997,299.0511002,275.8005335,249.2569999,42.18170863,53.02193903,54.46132568,42.18170863,53.02193903,54.46132568,42.18170863,53.02193903,54.46132568,417.5499878,0.717351233,0.695498255,0.585247149,30.87579839,37.72305928,1.755035938,3.68993292
295,295,279.3999939,288.3500061,288.0443726,66684100,311.9329987,303.0477997,299.2207001,276.3610003,250.0337999,36.21162664,50.89972346,54.0483821,36.21162664,50.89972346,54.0483821,36.21162664,50.89972346,54.0483821,412.5499878,0.698945618,0.696089395,0.587039409,20.57337815,30.71970948,-0.267014414,2.898543453
294.480011,299.3099976,292.9700012,296.730011,296.4154968,29596300,311.7589996,303.2806,299.4768002,276.9658004,250.853,42.75201814,49.03769245,53.78188097,42.75201814,49.03769245,53.78188097,42.75201814,49.03769245,53.78188097,410.6799927,0.722533399,0.697471234,0.588972135,17.8550171,23.10139788,-1.17970858,2.082893046
299.0899963,309.3999939,299.0499878,302.6600037,302.3392029,28435100,311.5509995,303.6688,299.8674002,277.6312671,251.6827499,46.90101412,47.44441515,53.62183819,46.90101412,47.44441515,53.62183819,46.90101412,47.44441515,53.62183819,415.5899963,0.728265854,0.699058315,0.590891502,32.29046074,23.572952,-1.408290536,1.38465633
303.3099976,303.6799927,296.8599854,301.269989,300.9506836,19434200,311.5674988,303.8962,300.2343002,278.3018671,252.5041999,46.05837551,46.45117615,53.49473548,46.05837551,46.45117615,53.49473548,46.05837551,46.45117615,53.49473548,418.2000122,0.720396892,0.700269184,0.592774792,40.71177427,30.2857507,-1.682214427,0.771282179
301.8500061,312.7399902,301.8500061,311.8500061,311.5194702,20434600,311.8809998,304.3812,300.7033002,279.0118671,253.3866499,52.98257587,46.60006365,53.68887472,52.98257587,46.60006365,53.68887472,52.98257587,46.60006365,53.68887472,422.6600037,0.737827103,0.701897802,0.594762442,52.65763743,41.88662415,-1.03366666,0.410292411
317.2999878,318.8200073,308.3299866,310.8699951,310.5404968,21631800,312.1849991,304.7138,301.1015002,279.6987337,254.2758999,52.31271879,47.02824208,53.62825972,52.31271879,47.02824208,53.62825972,52.31271879,47.02824208,53.62825972,430.7600098,0.721677937,0.703048287,0.596671937,60.03638693,51.13526621,-0.591943028,0.209845323
312.5499878,315.5499878,311.019989,314.6000061,314.266571,16754100,312.1434998,305.2708002,301.5343002,280.3831337,255.1681499,54.66220721,47.26622648,53.80498957,54.66220721,47.26622648,53.80498957,54.66220721,47.26622648,53.80498957,434.6900024,0.723734165,0.704396097,0.598538987,70.99269978,61.22890805,0.058433264,0.179562911
315.980011,318.3299866,314.4500122,315.7999878,315.465271,12887700,312.0154999,305.8767999,301.9588,281.0680003,256.0502999,55.42311091,47.72059509,53.78882614,55.42311091,47.72059509,53.78882614,55.42311091,47.72059509,53.78882614,435.6900024,0.724827253,0.705914485,0.600402868,73.82179373,68.28362681,0.663046468,0.276259622
317.0599976,321,315.1199951,318.8200073,318.4820862,14055600,311.8645004,306.4479999,302.3287003,281.7620003,256.9280499,57.36256801,49.40735725,54.0669929,57.36256801,49.40735725,54.0669929,57.36256801,49.40735725,54.0669929,436.9299927,0.729682129,0.707396735,0.60226322,82.20696518,75.67381956,1.370103425,0.495028383
318.1400146,321.3299866,314.8800049,319.7799988,319.4410706,13609700,311.4625,306.8838,302.7165002,282.4840003,257.8112499,57.98829236,51.82698677,54.21903227,57.98829236,51.82698677,54.21903227,57.98829236,51.82698677,54.21903227,437.25,0.731343622,0.70875484,0.604131582,89.09680369,81.70852087,1.98503223,0.793029152
319.4200134,324.1799927,318.7999878,320.5499878,320.2102356,16103100,311.2819992,307.3927997,303.0787003,283.1803336,258.7064999,58.51418069,53.57833816,54.42197293,58.51418069,53.57833816,54.42197293,58.51418069,53.57833816,54.42197293,433.8399963,0.738866841,0.710445992,0.606058712,93.65727982,88.32034956,2.505616232,1.135546568
319.9400024,329.1000061,319.4599915,328.769989,328.4215393,19096200,311.9859985,308.0503992,303.55,283.9404668,259.6138498,63.73336353,55.44859921,54.52346609,63.73336353,55.44859921,54.52346609,63.73336353,55.44859921,54.52346609,440.6099854,0.746170082,0.712228947,0.607969921,95.84435484,92.86614612,3.540653753,1.616568005
326.2000122,332.3299866,325.7000122,329.1900024,328.841095,16908900,312.387999,308.7065991,303.9931,284.7094001,260.5010998,63.98270238,57.44019108,54.56186905,63.98270238,57.44019108,54.56186905,63.98270238,57.44019108,54.56186905,440.1900024,0.747836163,0.714047967,0.609838909,95.09911299,94.86691588,4.344736599,2.162201724
334.5400085,338.1000061,333.3299866,336.3099976,335.9535522,17179400,313.0034988,309.4297992,304.4688998,285.5248001,261.4473498,67.99917689,59.10870231,54.67693297,67.99917689,59.10870231,54.67693297,67.99917689,59.10870231,54.67693297,448.730011,0.749470705,0.715674814,0.61175072,96.78474329,95.9094037,5.493180188,2.828397417
337.9299927,338.3999939,330.019989,332.7099915,332.3573608,14531200,313.7904984,310.1005988,305.0112997,286.2738667,262.3660497,64.10653528,60.41912636,54.50361775,64.10653528,60.41912636,54.50361775,64.10653528,60.41912636,54.50361775,449.6799927,0.739881687,0.717063366,0.613617688,92.83115908,94.90500512,6.043177611,3.471353456
329.3699951,334.5799866,326.3800049,334.1900024,333.8357849,18932600,314.8594986,310.8109985,305.4826999,287.0252,263.2713998,64.99375797,61.56707645,54.52726702,64.99375797,61.56707645,54.52726702,64.99375797,61.56707645,54.52726702,450.230011,0.742265052,0.71848077,0.615465333,91.43034147,93.68208128,6.523282706,4.081739306
330.2600098,335.5,329.3500061,335.0400085,334.684906,14494400,316.1789993,311.5539984,305.9801999,287.7997334,264.0027498,65.52088485,62.68905133,54.93563975,65.52088485,62.68905133,54.93563975,65.52088485,62.68905133,54.93563975,450.7900085,0.743228559,0.719972652,0.616916852,89.75062989,91.33737681,6.892900772,4.643971599
334.8900146,341.8699951,334.1900024,339.9700012,339.6096802,16960500,317.4769989,312.2021985,306.5645999,288.6136001,264.7699498,68.48500513,63.92487768,55.29462806,68.48500513,63.92487768,55.29462806,68.48500513,63.92487768,55.29462806,454.2600098,0.748403984,0.721224153,0.61839708,92.34301607,91.17466248,7.497211769,5.214619633
338.3299866,339.8999939,335.8999939,336.980011,336.6228638,12027900,318.6985001,312.9085986,307.0645999,289.4221335,265.5245499,64.8440286,64.68662615,55.43876882,64.8440286,64.68662615,55.43876882,64.8440286,64.68662615,55.43876882,453.269989,0.743442141,0.722565337,0.619844325,90.86142666,90.98502421,7.646718751,5.701039457
339.2099915,342.9200134,338.5799866,341.4899902,341.1280518,10702700,320.7964996,313.6371985,307.6192999,290.2782667,266.2738998,67.63874178,65.70046627,55.94441742,67.63874178,65.70046627,55.94441742,67.63874178,65.70046627,55.94441742,455.019989,0.75049448,0.723911032,0.621289179,92.06333482,91.75592585,8.036482181,6.168128001
340.1300049,341.8599854,336.769989,338.230011,337.871521,5467500,323.2904999,314.1673987,308.0579001,291.1138668,267.0478999,63.69705194,65.69643165,56.42659597,63.69705194,65.69643165,56.42659597,63.69705194,65.69643165,56.42659597,455.2999878,0.742872875,0.724925341,0.622770133,88.15470932,90.3598236,7.990213222,6.532545046
336.1799927,339.8999939,334.2000122,334.7000122,334.3452759,15684500,325.1889999,314.855199,308.4850003,291.9266002,267.8318,59.64386085,65.21433815,56.87398588,59.64386085,65.21433815,56.87398588,59.64386085,65.21433815,56.87398588,454.480011,0.736446057,0.726107563,0.624267097,83.24280802,87.82028405,7.581310709,6.742298178
333.3999939,339.3800049,333.3999939,338.9899902,338.6307068,12637200,327.0054993,315.583999,308.9696002,292.8028668,268.656,62.7463599,64.63069181,57.28302638,62.7463599,64.63069181,57.28302638,62.7463599,64.63069181,57.28302638,454.9299927,0.745147596,0.727370771,0.625858853,80.06516054,83.82089263,7.516769258,6.897192394
339.6900024,339.8999939,330.7799988,332.2000122,331.8479309,16024500,328.5520004,316.1265991,309.3506003,293.6215336,269.4198501,55.47675096,63.67182689,57.44874468,55.47675096,63.67182689,57.44874468,55.47675096,63.67182689,57.44874468,454.6099854,0.730736286,0.728203562,0.627339364,70.7415227,78.01649709,6.838890737,6.885532063
331.8900146,333.5,322.3999939,327.1499939,326.8032532,23146400,329.3169998,316.6761987,309.6392001,294.2121336,270.1582001,50.76585527,62.09094881,57.79211054,50.76585527,62.09094881,57.79211054,50.76585527,62.09094881,57.79211054,456.3999939,0.71680543,0.728876074,0.628748614,58.10633525,69.63767283,5.827002791,6.673826208
325.480011,326.8599854,320.7600098,324.8200073,324.4757385,15264700,330.0145004,317.2579987,309.7940002,294.7754669,270.8965001,48.71062123,60.22314174,58.29207033,48.71062123,60.22314174,58.29207033,48.71062123,60.22314174,58.29207033,459.1000061,0.707514709,0.729315804,0.630146471,35.55202056,54.7999595,4.781940625,6.295449092
317.2900085,320.8599854,313.6600037,320.019989,319.6808167,19037100,330.2854996,317.6767987,309.8601001,295.2877336,271.6344,44.69610331,57.57993043,58.36983373,44.69610331,57.57993043,58.36983373,44.69610331,57.57993043,58.36983373,456.6900024,0.700737891,0.72943344,0.631538374,24.27885507,39.31240362,3.525757233,5.74151072
318.980011,321.8800049,315.3900146,318.2900085,317.9526672,16952100,330.4100006,318.0259991,309.9543002,295.8147336,272.36145,43.31066382,55.18733434,58.22621972,43.31066382,55.18733434,58.22621972,43.31066382,55.18733434,58.22621972,456.6000061,0.697087175,0.72945528,0.632901333,18.6270161,26.15263057,2.363384256,5.065885427
321.9299927,322.25,317.0400085,317.4500122,317.1135559,11294300,330.3415009,318.3957996,310.0226004,296.350867,273.0883001,42.61986616,52.40745927,58.08867935,42.61986616,52.40745927,58.08867935,42.61986616,52.40745927,58.08867935,454.7600098,0.698060527,0.729376856,0.634235731,16.83754141,19.91447086,1.358751768,4.324458695
317.769989,328.2399902,317.769989,326.5899963,326.2438354,15905100,330.6820007,318.9727997,310.1680005,296.9713336,273.8656501,51.6554509,51.0695036,58.03559435,51.6554509,51.0695036,58.03559435,51.6554509,51.0695036,58.03559435,458.230011,0.712720661,0.729654506,0.635652499,24.32216789,19.92890847,1.285277735,3.716622503
323.0899963,333.1700134,323,332.75,332.3973083,14077500,331.2920013,319.5485999,310.3354004,297.6378003,274.6692001,56.61410157,50.73286368,58.20764966,56.61410157,50.73286368,58.20764966,56.61410157,50.73286368,58.20764966,460.2000122,0.723055174,0.729929107,0.637120817,40.79515335,27.31828755,1.704461873,3.314190377
329.3999939,329.8900146,320,325.2799988,324.9352417,25802500,331.1175018,320.05,310.5630005,298.2512003,275.4436501,49.92648484,49.30843312,58.01822077,49.92648484,49.30843312,58.01822077,49.92648484,49.30843312,58.01822077,461.9899902,0.704084516,0.729965229,0.638491913,49.71516241,38.27749455,1.417560894,2.93486448
324.6000061,334.4700012,324.5599976,334.2200012,333.8657532,18485500,331.3690018,320.5979999,310.9626004,298.9235336,276.2670502,56.54272015,49.42687414,58.06300514,56.54272015,49.42687414,58.06300514,56.54272015,49.42687414,58.06300514,464.1000061,0.720146513,0.730007624,0.639961301,58.40735008,49.63922195,1.889788972,2.725849379
333.9299927,338.3699951,332.6400146,334.7399902,334.3851929,16353300,331.2905014,321.2739996,311.3939005,299.6012669,277.0660501,56.89943976,50.10838353,58.04448001,56.89943976,50.10838353,58.04448001,56.89943976,50.10838353,58.04448001,470.5,0.711455877,0.729960312,0.641311191,61.57706881,56.5665271,2.279712785,2.63662206
333.8500061,334.7000122,328.6400146,333.1700134,332.8168945,19607300,331.3135025,321.8258002,311.7809006,300.250467,277.8648002,55.42027391,50.85390049,57.94175927,55.42027391,50.85390049,57.94175927,55.42027391,50.85390049,57.94175927,472.0100098,0.705853703,0.729685638,0.642643824,73.12350558,64.36930816,2.433988701,2.596095388
331.9899902,338.6600037,331.2200012,334.9200134,334.565033,30001600,331.3500031,322.4284003,312.1444006,300.9245338,278.6667503,56.76933102,52.19537024,57.87196528,56.76933102,52.19537024,57.87196528,56.76933102,52.19537024,57.87196528,469.3299866,0.713613072,0.729597946,0.644018254,76.70846061,70.46967833,2.666723522,2.610221015
337.480011,347.5599976,337.019989,344.6199951,344.2547302,18993900,331.8290024,323.0122003,312.4735007,301.6296004,279.4636002,63.3836552,54.42570261,57.85797695,63.3836552,54.42570261,57.85797695,63.3836552,54.42570261,57.85797695,471.9700012,0.730173516,0.729514542,0.645377501,82.23367758,77.35521459,3.59246332,2.806669476
345.5799866,353.6000061,345.1199951,350.3599854,349.9886475,17729400,332.3485016,323.6522003,312.7223004,302.3732003,280.2909002,66.63668225,57.09423773,57.96413614,66.63668225,57.09423773,57.96413614,66.63668225,57.09423773,57.96413614,474.8399963,0.737848513,0.729542512,0.646781037,88.07887133,82.34033651,4.734709239,3.192277429
348.6499939,354.9599915,347.7900085,349.2799988,348.90979,16369900,332.963501,324.2010004,313.0291003,303.0851336,281.1147502,65.45834504,58.62789264,57.86250287,65.45834504,58.62789264,57.86250287,65.45834504,58.62789264,57.86250287,468.2600098,0.745910373,0.729647815,0.648194195,89.82073073,86.71109321,5.48952168,3.651726279
352.980011,356.4100037,349.2099915,354.0899963,353.7146912,15289600,333.5935013,324.7264001,313.3429004,303.8000668,281.9603502,68.15891405,59.91064958,58.02459802,68.15891405,59.91064958,58.02459802,68.15891405,59.91064958,58.02459802,472.7000122,0.749079728,0.729602823,0.649621209,90.90261653,89.60073953,6.402043806,4.201789784
355.5799866,357.2000122,351.2200012,353.3900146,353.0154724,11764200,334.3515015,325.3110004,313.7337006,304.5184003,282.8188503,67.33387922,61.84480451,58.11820287,67.33387922,61.84480451,58.11820287,67.33387922,61.84480451,58.11820287,473.6499939,0.746099481,0.729574852,0.651031628,90.56914072,90.43082933,6.988186034,4.759069034
354.9899902,356.980011,353.4500122,354.8299866,354.4539185,9898600,335.3580002,326.1138,314.1501004,305.2284668,283.6954502,68.18699188,63.13861248,58.22484715,68.18699188,63.13861248,58.22484715,68.18699188,63.13861248,58.22484715,475.6499939,0.74598968,0.729908782,0.652435775,93.1863258,91.55269435,7.482646383,5.303784504
356.0700073,359,355.3099976,357.8299866,357.4507141,13207900,336.3,326.8473999,314.6211002,305.9690667,284.5801002,69.94789565,64.58844091,58.28336277,69.94789565,64.58844091,58.28336277,69.94789565,64.58844091,58.28336277,476.5100098,0.750939076,0.730197264,0.653843314,94.0493746,92.6016137,8.024088008,5.847845205
359.7000122,361.8999939,357.8099976,358.3200073,357.9402161,11798800,337.6059998,327.5338,315.0387003,306.6964667,285.4016002,70.23768042,66.23481941,58.49910884,70.23768042,66.23481941,58.49910884,70.23768042,66.23481941,58.49910884,476.6900024,0.751683496,0.73036923,0.655125281,94.23888301,93.82486113,8.395941786,6.357464521
358.9899902,360,351.8200073,353.9599915,353.5848389,14980500,338.9464996,328.2735999,315.4519,307.3715999,286.1826501,64.29683126,67.07120833,58.36543242,64.29683126,67.07120833,58.36543242,64.29683126,67.07120833,58.36543242,475.3099976,0.744692923,0.730527494,0.6563088,89.88940583,92.72588781,8.243792434,6.734730104
351.3200073,353.1600037,340.0100098,346.2900085,345.9229736,19042200,340.0199997,328.9432001,315.8627002,307.9332666,286.8894502,55.41686478,66.18600939,58.03422494,55.41686478,66.18600939,58.03422494,55.41686478,66.18600939,58.03422494,472.6499939,0.732656327,0.730509514,0.657385301,76.90032971,87.00953951,7.41879026,6.871542135
344.980011,347.9500122,343.1799927,344.4700012,344.1048889,15451100,341.2425003,329.6596002,316.2500003,308.4796,287.6337502,53.52772554,64.72945865,57.78957952,53.52772554,64.72945865,57.78957952,53.52772554,64.72945865,57.78957952,468.7900085,0.734806619,0.730549553,0.658551449,62.27993625,76.35655726,6.542690647,6.805771837
344.5,348.1499939,343.3999939,347.1199951,346.7520752,12099900,342.6839996,330.3217999,316.7048001,309.0289333,288.3803002,55.88579655,63.66584215,57.51515699,55.88579655,63.66584215,57.51515699,55.88579655,63.66584215,57.51515699,467.2799988,0.742852243,0.730470099,0.659753773,53.78397029,64.32141208,5.993122764,6.643242023
346.9899902,353.5,346.2600098,351.9500122,351.5769958,13920700,344.4089996,331.1098004,317.1624002,309.5578668,289.1292503,59.88152399,62.74613214,57.69134791,59.88152399,62.74613214,57.69134791,59.88152399,62.74613214,57.69134791,467.9200134,0.752158493,0.730757469,0.660980661,56.90847033,57.65745895,5.87955245,6.490504108
354.7000122,358.980011,352.0499878,358.6600037,358.2798767,13890200,346.0125,332.2924005,317.7295001,310.1315336,289.9235003,64.66923996,62.45006111,58.2474833,64.66923996,62.45006111,58.2474833,64.66923996,62.45006111,58.2474833,474.6000061,0.75571007,0.731524645,0.662211329,70.03608236,60.24284099,6.258839386,6.444171164
356.3999939,360.6400146,355.3599854,357.4299927,357.0511475,13463900,347.2464996,333.6740002,318.3609,310.7051335,290.6892503,63.18076833,61.89381405,58.82628918,63.18076833,61.89381405,58.82628918,63.18076833,61.89381405,58.82628918,473.8800049,0.754262659,0.732630986,0.663384784,78.0419102,68.32882096,6.386555176,6.432647966
360.1700134,372.9400024,359.0799866,370.4700012,370.0773315,22117200,349.5059998,335.1488,319.2147,311.3674668,291.5115503,70.84277549,61.99324515,59.87215607,70.84277549,61.99324515,59.87215607,70.84277549,61.99324515,59.87215607,476.5599976,0.777383757,0.733727993,0.664668923,86.3521552,78.14338258,7.45406475,6.636931323
372.1300049,372.7799988,362.9299927,369.6700134,369.2781982,17205400,351.2785004,336.4890002,320.0789001,312.0746002,292.3457004,69.88199692,61.95372476,60.93500939,69.88199692,61.95372476,60.93500939,69.88199692,61.95372476,60.93500939,476.3500061,0.776047042,0.734683617,0.665991213,87.38293603,83.92566714,8.141669354,6.937878929
370.1600037,377.0599976,369.5400085,374.4899902,374.0930786,19295700,353.2660004,337.9534003,320.9248001,312.8073336,293.2147504,72.31796722,62.84496209,62.12293344,72.31796722,62.84496209,62.12293344,72.31796722,62.84496209,62.12293344,476.6799927,0.785621373,0.735988107,0.667382919,91.87750582,88.53753235,8.972107927,7.344724729
373.6499939,375.6099854,367.230011,367.4599915,367.0705261,15306900,354.9804993,339.0656,321.7234,313.4907334,294.0253003,64.16627743,63.81711905,62.6233665,64.16627743,63.81711905,62.6233665,64.16627743,63.81711905,62.6233665,474.9299927,0.773714015,0.736705845,0.668693248,85.74077528,88.33373905,8.959692571,7.667718297
366.2999878,368.5400085,358.6099854,368.3699951,367.9795532,12724800,356.6529984,340.2156,322.4647,314.1395335,294.8279503,64.72064101,65.06077632,62.94762807,64.72064101,65.06077632,62.94762807,64.72064101,65.06077632,62.94762807,472.2900085,0.779965675,0.7378716,0.670018888,81.23254814,86.28360975,8.920453566,7.918265351
371.4899902,376.8500061,370.9500122,376.1300049,375.7313538,16354300,358.2284988,341.4462,323.3585001,314.8382668,295.6489003,69.10932205,66.53005693,63.71494156,69.10932205,66.53005693,63.71494156,69.10932205,66.53005693,63.71494156,476.4899902,0.789376509,0.739184447,0.671377285,82.70804539,83.22712294,9.407085284,8.216029338
379,384.3599854,377.9700012,383.4500122,383.0436096,21470100,359.8830002,342.7992004,324.3380002,315.5722668,296.5008003,72.57504035,67.94044764,64.35623437,72.57504035,67.94044764,64.35623437,72.57504035,67.94044764,64.35623437,482.4299927,0.794830375,0.740584509,0.672759029,90.66109719,84.86723024,10.26507841,8.625839152
387.9500122,390.3500061,381.1600037,381.7799988,381.3753662,17680500,361.5080002,344.0584003,325.2532001,316.2386003,297.3361003,70.62817055,68.60255104,64.9053836,70.62817055,68.60255104,64.9053836,70.62817055,68.60255104,64.9053836,483.4500122,0.789699016,0.741784847,0.674080466,92.80461524,88.72458594,10.68709385,9.038090091
384.6199951,388.3800049,382.0799866,385.2000122,384.791748,15506100,363.063501,345.3668005,326.1253003,316.933267,298.2047004,72.26880112,69.61233246,65.57932469,72.26880112,69.61233246,65.57932469,72.26880112,69.61233246,65.57932469,484.8599854,0.794456181,0.743047098,0.675458537,90.00200265,91.15590503,11.16876406,9.464224886
390,396.1499939,387.8099976,390.7000122,390.2859192,15698500,364.9290009,346.769801,327.0813004,317.6424005,299.0777004,74.7148488,70.04256283,66.2971454,74.7148488,70.04256283,66.2971454,74.7148488,70.04256283,66.2971454,485.3900146,0.804919756,0.744368156,0.676842553,87.24202996,90.01621595,11.85760809,9.942901527
390.1700134,395.4899902,385.6600037,393.1799927,392.7632751,15091100,366.8465012,348.0580011,328.0542001,318.3860004,299.9698504,75.75337584,70.69493826,66.79193423,75.75337584,70.69493826,66.79193423,75.75337584,70.69493826,66.79193423,488.0299988,0.805647181,0.745557698,0.678249393,90.93241324,89.39214862,12.46000447,10.44632212
394.3500061,396.7900085,391.5899963,394.1400146,393.7222595,13163700,368.6620026,349.3570013,329.0318002,319.1144004,300.8713004,76.16155218,71.12200326,67.17292903,76.16155218,71.12200326,67.17292903,76.16155218,71.12200326,67.17292903,487.4100037,0.808641619,0.746773807,0.679682892,92.59736169,90.2572683,12.86655604,10.9303689
394.9899902,402.9299927,393.1000061,401.019989,400.5949402,18742400,370.7970016,350.6512012,330.0405002,319.8630003,301.8064004,78.90259552,72.75937194,67.71069905,78.90259552,72.75937194,67.71069905,78.90259552,72.75937194,67.71069905,491.269989,0.816292462,0.748110242,0.681142126,94.70288709,92.74422067,13.58728179,11.46175148
403.5899963,406.3599854,399.5700073,400.0599976,399.6359863,18614700,373.102002,351.9982013,331.0494,320.6736003,302.7049503,77.56244175,74.18623868,68.08684015,77.56244175,74.18623868,68.08684015,77.56244175,74.18623868,68.08684015,490.8900146,0.814968701,0.749611983,0.682552327,92.2893569,93.19653523,13.92053164,11.95350751
389,398,387.1000061,390.1400146,389.7265015,20180800,375.2945023,353.1172015,331.9641,321.3608671,303.5482004,65.23262942,73.75549506,68.00279016,65.23262942,73.75549506,68.00279016,65.23262942,73.75549506,68.00279016,482.8800049,0.807944025,0.750925562,0.683907059,82.94088019,89.97770806,13.23164861,12.20913573
393.9400024,400.5,393.0499878,394.7799988,394.3615723,29727100,377.8100021,354.3120013,332.9329999,322.0908004,304.4278004,67.81021627,73.22607016,67.98771914,67.81021627,73.22607016,67.98771914,67.81021627,73.22607016,67.98771914,489.2000122,0.806990983,0.752200811,0.685298394,76.19550082,83.80857931,12.91127861,12.34956431
459.6000061,485.9599915,453.0100098,474.9899902,474.4865417,84615500,384.2035019,357.0124011,334.6072998,323.3805337,305.7133003,86.47594675,74.98693418,68.64884118,86.47594675,74.98693418,68.64884118,86.47594675,74.98693418,68.64884118,494.3500061,0.960837432,0.75644948,0.687472394,77.72204596,78.95280899,18.91165723,13.66198289
469.8800049,471.8999939,459.2200012,459.4100037,458.9230652,40832400,389.5765015,359.461001,336.1847998,324.5300669,306.9318504,77.1213543,75.52610676,68.92418814,77.1213543,75.52610676,68.92418814,77.1213543,75.52610676,68.92418814,492.5499878,0.932717521,0.760234987,0.68953179,82.09553899,78.67102859,22.15444318,15.36047495
464,467.1199951,453,454.7200012,454.2380371,21655200,394.3795013,361.7256012,337.6813998,325.6547337,308.1401003,74.50843695,75.50317211,69.33265236,74.50843695,75.50317211,69.33265236,74.50843695,75.50317211,69.33265236,493.980011,0.92052308,0.763635559,0.691547851,81.12501531,80.31420009,24.06848391,17.10207674
458,471.519989,456.1799927,469.5899963,469.0922852,23066000,399.9875015,364.3528009,339.2600998,326.822867,309.4236003,77.15162893,75.65853356,70.20204293,77.15162893,75.65853356,70.20204293,77.15162893,75.65853356,70.20204293,498.1000061,0.942762479,0.767633351,0.6936793,78.94343146,80.72132859,26.48001418,18.97766423
468.3200073,470.5899963,465.0299988,470,469.5018616,18815100,404.9640015,367.0588007,340.9569998,328.0096004,310.7096503,77.22176057,75.7763345,71.14980433,77.22176057,75.7763345,71.14980433,77.22176057,75.7763345,71.14980433,498.3200073,0.943169034,0.771767811,0.695816685,80.81644636,80.29496438,28.10033006,20.80219739
472.9500122,473.5899963,467.4700012,468.1099854,467.6138306,18413100,409.8860001,369.6412006,342.6125998,329.193467,312.0124503,76.06273557,75.4607945,71.95688189,76.06273557,75.4607945,71.95688189,76.06273557,75.4607945,71.95688189,501.2000122,0.9339784,0.775544427,0.697931046,84.14296581,81.30094788,28.89880623,22.42151916
468.1900024,479.1499939,466.5799866,468.8999939,468.4030151,19382000,414.6065002,372.3752002,344.2508997,330.3588003,313.3099503,76.2233759,75.31200941,72.61055597,76.2233759,75.31200941,72.61055597,76.2233759,75.31200941,72.61055597,500.980011,0.935965475,0.779649011,0.700021597,83.52624418,82.82855212,29.25808247,23.78883182
456.8699951,467.8900146,455.0899963,460.1199951,459.6323242,20916600,419.2395004,375.0346002,345.8553995,331.4376668,314.4177502,70.55624926,75.90352272,72.84603634,70.55624926,75.90352272,72.84603634,70.55624926,75.90352272,72.84603634,494.0799866,0.931266207,0.783938226,0.70178566,80.01500749,82.56140583,28.5057425,24.73221396
467.9299927,474.1099854,466.0899963,473.2799988,472.7783813,16858400,424.4850006,378.0038,347.6308994,332.5306002,315.5825502,73.71119453,76.55918697,73.26725339,73.71119453,76.55918697,73.26725339,73.71119453,76.55918697,73.26725339,498.5700073,0.94927491,0.78877343,0.703643087,81.46736752,81.66953973,28.64125145,25.51402145
475.2799988,488.6199951,472.2200012,484.0299988,483.5169678,24212300,429.8800003,381.2840002,349.4803995,333.6680668,316.7868002,75.97576291,75.39249988,73.47257288,75.97576291,75.39249988,73.47257288,75.97576291,75.39249988,73.47257288,502.0100098,0.964183959,0.794042352,0.705537724,85.62993393,82.37076964,29.27857325,26.26693181
478.1099854,478.9599915,469.2099915,473.3200073,472.8183289,23306500,434.3735001,384.3846002,351.2052997,334.7644002,317.9572002,69.54793596,74.55100895,73.45921045,69.54793596,74.55100895,73.45921045,69.54793596,74.55100895,73.45921045,499.5100098,0.947568613,0.79905198,0.707363971,89.19386718,85.43038954,28.58988221,26.73152189
469.7200012,476.1799927,466.5599976,471.75,471.25,18015500,438.8720001,387.4706,352.9331998,335.8386003,319.1308002,68.63127568,73.89799104,73.31174278,68.63127568,73.89799104,73.31174278,68.63127568,73.89799104,73.31174278,496.7600098,0.949653738,0.804083845,0.709207603,87.93013422,87.58464511,27.59925608,26.90506873
466.5,469,461.7900085,468.0299988,468.0299988,12977100,443.0134995,390.2994,354.6360999,336.878467,320.3033502,66.39818448,72.70316387,73.40101907,66.39818448,72.70316387,73.40101907,66.39818448,72.70316387,73.40101907,497.2099915,0.941312538,0.808655682,0.711032127,82.25575464,86.45991868,26.21185083,26.76642515
480.2399902,489.9899902,476.0599976,486.1300049,486.1300049,21625800,447.7849991,393.3670001,356.4578,338.0126003,321.5701003,71.2925782,72.04436583,73.66389655,71.2925782,72.04436583,73.66389655,71.2925782,72.04436583,73.66389655,507.5,0.957891635,0.813352411,0.713000899,83.80098653,84.66229179,26.27001699,26.66714352
